{"eval/logps/chosen":-1.8267461061477661,"eval/loss":2.0116360187530518,"eval/nll_loss":1.9331743717193604,"eval/logps/rejected":-1.954018235206604,"_wandb":{"runtime":1233},"train/logps/rejected":-1.8816823959350586,"train/logps/chosen":-1.7682422399520874,"train_samples_per_second":3.189,"train/nll_loss":1.7438992261886597,"eval/log_odds_chosen":0.1450682133436203,"eval/logits/rejected":11.315008163452148,"eval/log_odds_ratio":-0.7846171855926514,"train/log_odds_chosen":0.1422935575246811,"train/learning_rate":0,"eval/rewards/rejected":-0.19540178775787354,"eval/rewards/chosen":-0.1826746016740799,"_step":126,"_timestamp":1.7405466272950578e+09,"train_loss":8.154225345517768,"train/log_odds_ratio":-0.7530151605606079,"eval/samples_per_second":12.897,"train/rewards/rejected":-0.1881682276725769,"eval/runtime":77.5368,"eval/steps_per_second":1.612,"train/grad_norm":3.280168056488037,"eval/rewards/margins":0.012727213092148304,"train/rewards/chosen":-0.17682422697544098,"train/logits/rejected":11.489591598510742,"_runtime":1219.224763948,"train/global_step":122,"eval/logits/chosen":10.712766647338867,"train/logits/chosen":10.934221267700195,"train/loss":7.2768,"train_steps_per_second":0.1,"train/rewards/margins":0.011344019323587418,"train/rewards/accuracies":0.59375,"eval/rewards/accuracies":0.5099999904632568,"total_flos":0,"train/epoch":0.06282992146259817,"train_runtime":1217.7164}