{"_wandb":{"runtime":19},"_runtime":16.985999776,"train/global_step":0,"_step":0,"train_steps_per_second":0.058,"total_flos":0,"train_runtime":17.2444,"train_loss":10989.011764526367,"train_samples_per_second":0.928,"train/epoch":0,"_timestamp":1.7410697492933695e+09}