{"_runtime":2.9592387220000003,"_step":3,"train_loss":3.372044086456299,"train_epoch_loss":3.4655813087116587,"val_epoch_loss":4.676645398139954,"_wandb":{"runtime":2},"epoch":1,"_timestamp":1.7406440097705383e+09}