{"_timestamp":1.7406441515640154e+09,"_runtime":44.460265234,"_step":65,"_wandb":{"runtime":45},"train_loss":2.822798013687134,"epoch":0.14444444444444443}