{"train_loss":3.372044086456299,"epoch":1,"_timestamp":1.740643850033094e+09,"_runtime":2.846422418,"_step":3,"train_epoch_loss":3.4655813087116587,"val_epoch_loss":4.676645398139954,"_wandb":{"runtime":2}}