{"eval/log_odds_chosen":5.299478054046631,"train/logps/rejected":-33.66649627685547,"eval/rewards/rejected":-3.541638135910034,"train/logits/rejected":2.332175790797919e-05,"eval/nll_loss":6.417864799499512,"eval/rewards/accuracies":0.5199999809265137,"train/loss":49.0792,"_runtime":2165.188621797,"eval/samples_per_second":23.836,"train/rewards/chosen":-2.6151809692382812,"train_loss":68.43949698282877,"train/epoch":3,"total_flos":0,"eval/rewards/margins":0.5299456119537354,"train/nll_loss":5.438263416290283,"eval/loss":7.839206695556641,"eval/logits/rejected":2.326838693988975e-05,"train/rewards/accuracies":0.875,"eval/runtime":4.1954,"eval/log_odds_ratio":-14.213410377502441,"_step":1880,"eval/logits/chosen":2.32626662182156e-05,"train/log_odds_chosen":7.517924785614014,"eval/steps_per_second":11.918,"_wandb":{"runtime":2165},"eval/logps/rejected":-35.4163818359375,"train/logits/chosen":2.3334096113103442e-05,"train/rewards/rejected":-3.366650104522705,"train/grad_norm":5.495718002319336,"train/global_step":1875,"train_steps_per_second":0.885,"train/rewards/margins":0.7514687776565552,"eval/rewards/chosen":-3.011692523956299,"eval/logps/chosen":-30.116926193237305,"_timestamp":1.7407148394556289e+09,"train_runtime":2118.4606,"train/logps/chosen":-26.151813507080078,"train/learning_rate":0,"train_samples_per_second":14.161,"train/log_odds_ratio":-6.966409206390381}