{"eval/rewards/chosen":-0.3919101655483246,"train/learning_rate":0,"train/log_odds_chosen":0.012769445776939392,"_step":128,"train/global_step":124,"eval/logps/chosen":-1.9595509767532349,"_runtime":2665.792428048,"eval/runtime":80.2731,"train_loss":18.06294100515304,"train/log_odds_ratio":-0.8240923285484314,"train/rewards/margins":0.0018508220091462135,"train_steps_per_second":0.047,"train/loss":14.4649,"eval/log_odds_chosen":0.2300097793340683,"eval/logps/rejected":-2.1829771995544434,"train_samples_per_second":0.753,"eval/nll_loss":2.043631076812744,"eval/rewards/margins":0.044685255736112595,"total_flos":0,"train/logps/rejected":-1.433213233947754,"eval/log_odds_ratio":-0.9197417497634888,"eval/rewards/accuracies":0.6000000238418579,"eval/loss":2.227579355239868,"_timestamp":1.74078171530512e+09,"train/logits/chosen":-0.8378428220748901,"train/nll_loss":1.6432920694351196,"train/epoch":1.976,"train/rewards/accuracies":0.625,"train_runtime":2657.0851,"train/grad_norm":0.1837294101715088,"eval/steps_per_second":0.623,"train/logits/rejected":1.269836187362671,"_wandb":{"runtime":2669},"train/rewards/rejected":-0.2866426706314087,"train/rewards/chosen":-0.28479182720184326,"eval/logits/chosen":-0.5432178974151611,"eval/logits/rejected":0.42882591485977173,"train/logps/chosen":-1.4239591360092163,"eval/samples_per_second":1.246,"eval/rewards/rejected":-0.4365954101085663}