{"train/rewards/chosen":-4.665152072906494,"_step":40,"train/logps/rejected":-46.440879821777344,"train/rewards/accuracies":0.625,"train/log_odds_ratio":-21.352291107177734,"train/loss":60.61,"_timestamp":1.7407174982749388e+09,"_runtime":120.040630071,"train/logps/chosen":-46.65151596069336,"train/global_step":41,"train/log_odds_chosen":-0.1789727807044983,"train/rewards/rejected":-4.644087791442871,"train/learning_rate":1.93304535637149e-06,"train/logits/chosen":2.32688744290499e-05,"train/epoch":0.1312,"_wandb":{"runtime":120},"train/nll_loss":5.441023349761963,"train/logits/rejected":2.3327796952798963e-05,"train/grad_norm":10.19600772857666,"train/rewards/margins":-0.02106371521949768}