{"train/rewards/accuracies":0.625,"train/loss":14.435,"train/epoch":1.976,"train/log_odds_chosen":0.011954493820667267,"train/nll_loss":1.639777421951294,"eval/rewards/chosen":-0.3903188407421112,"eval/logits/rejected":0.4629262685775757,"train/logps/chosen":-1.4195442199707031,"_timestamp":1.7407843869209716e+09,"train/logits/chosen":-0.8028340339660645,"train/global_step":124,"train_runtime":2656.7285,"eval/logps/chosen":-1.9515942335128784,"eval/log_odds_ratio":-0.9167516827583313,"train/log_odds_ratio":-0.823000431060791,"eval/rewards/accuracies":0.6000000238418579,"total_flos":0,"eval/steps_per_second":0.622,"train_loss":18.037731601345925,"eval/nll_loss":2.040097951889038,"eval/logits/chosen":-0.5086553692817688,"eval/logps/rejected":-2.1738030910491943,"eval/samples_per_second":1.245,"train/learning_rate":0,"train/rewards/rejected":-0.2855962812900543,"train_samples_per_second":0.753,"eval/loss":2.2234485149383545,"eval/log_odds_chosen":0.22889047861099243,"train/grad_norm":0.1811540722846985,"train/logps/rejected":-1.4279816150665283,"eval/runtime":80.3375,"train/rewards/chosen":-0.2839088439941406,"train/rewards/margins":0.0016874540597200394,"train/logits/rejected":1.3037948608398438,"_wandb":{"runtime":2665},"_runtime":2661.813138574,"eval/rewards/rejected":-0.4347606599330902,"train_steps_per_second":0.047,"_step":128,"eval/rewards/margins":0.04444180428981781}