{"_step":20,"mean_token_accuracy":0.534854394197464,"loss":2.1941,"epoch":0.032467532467532464,"train/grad_norm":4.019137859344482,"_timestamp":1.7399443027031522e+09,"_runtime":53.870427945,"_wandb":{"runtime":63},"train/epoch":0.032467532467532464,"train/loss":2.1941,"learning_rate":1.9783549783549785e-05,"train/mean_token_accuracy":0.534854394197464,"grad_norm":4.019137859344482,"train/learning_rate":1.9783549783549785e-05,"train/global_step":20}