{"train/global_step":62,"eval/logps/chosen":-1.9593651294708252,"train/rewards/accuracies":0.3125,"eval/steps_per_second":0.623,"train/nll_loss":1.9961647987365723,"train/learning_rate":0,"train/logps/chosen":-2.199293613433838,"eval/log_odds_ratio":-0.9196743965148926,"eval/runtime":80.2194,"_step":66,"train/rewards/rejected":-0.07363420724868774,"eval/log_odds_chosen":0.22998586297035217,"train/rewards/chosen":-0.10996467620134354,"train/log_odds_chosen":-0.8549776077270508,"eval/rewards/accuracies":0.6000000238418579,"train/loss":16.5601,"eval/nll_loss":2.043520927429199,"train_runtime":1492.9987,"eval/logits/chosen":-0.5423727631568909,"eval/logps/rejected":-2.182765245437622,"eval/rewards/margins":0.011170009151101112,"train_samples_per_second":0.67,"train_loss":16.84099014343754,"eval/logits/rejected":0.4296478033065796,"eval/rewards/chosen":-0.09796826541423798,"train/logits/rejected":-0.8989109396934509,"total_flos":0,"train/epoch":0.992,"_timestamp":1.7408015361625082e+09,"train/log_odds_ratio":-1.4768610000610352,"eval/samples_per_second":1.247,"train/rewards/margins":-0.036330465227365494,"train/grad_norm":0.2133931666612625,"eval/rewards/rejected":-0.10913825780153275,"_runtime":1497.616954454,"train_steps_per_second":0.042,"train/logits/chosen":-0.13012003898620605,"eval/loss":2.0895049571990967,"train/logps/rejected":-1.4726842641830444,"_wandb":{"runtime":1500}}