{"train/logps/chosen":-2.649562120437622,"train/log_odds_chosen":-0.2575855255126953,"train/rewards/rejected":-0.4723852872848511,"train/logits/rejected":1.8187410831451416,"train/logps/rejected":-2.361926555633545,"train/rewards/chosen":-0.5299124121665955,"_step":1,"train/nll_loss":2.2308361530303955,"train/epoch":0.032,"train/rewards/margins":-0.057527121156454086,"_runtime":45.744506558,"train/learning_rate":3.729026753311252e-07,"_wandb":{"runtime":66},"train/grad_norm":0.2934848666191101,"train/logits/chosen":-0.8104553818702698,"train/global_step":2,"train/loss":20.0343,"train/log_odds_ratio":-1.3672375679016113,"_timestamp":1.7410352288265276e+09,"train/rewards/accuracies":0.625}