{"_timestamp":1.740643148485406e+09,"_runtime":8.365408284,"_step":10,"train_loss":3.2928619384765625,"epoch":0.08888888888888889,"_wandb":{"runtime":8}}