{"train/epoch":0.048,"train/rewards/margins":0.026793545112013817,"train/logits/rejected":1.3895869255065918,"train/learning_rate":1.2244525074464862e-06,"_step":2,"train/rewards/rejected":-0.13838711380958557,"train/global_step":3,"train/logits/chosen":1.0242347717285156,"train/rewards/chosen":-0.11159355938434601,"_wandb":{"runtime":79},"train/logps/rejected":-2.767742156982422,"train/nll_loss":2.7934834957122803,"_timestamp":1.7407871339388278e+09,"train/log_odds_ratio":-0.8864924311637878,"train/loss":22.7025,"train/rewards/accuracies":0.5625,"train/logps/chosen":-2.2318711280822754,"train/log_odds_chosen":0.5942286849021912,"_runtime":63.893555037,"train/grad_norm":0.33555126190185547}