{"_step":3,"train_loss":3.372044086456299,"epoch":1,"_timestamp":1.7406442239983432e+09,"_runtime":3.265571483,"train_epoch_loss":3.4655813087116587,"val_epoch_loss":4.676645398139954,"_wandb":{"runtime":3}}