{"_wandb":{"runtime":24},"_timestamp":1.7406430278436344e+09,"_runtime":24.073838909,"_step":34,"train_loss":2.9302423000335693,"epoch":0.0013014067632961188}