{"train/logps/chosen":-23.673751831054688,"train_runtime":3142.1607,"train/rewards/accuracies":0.59375,"eval/rewards/margins":0.6819952130317688,"eval/rewards/accuracies":0.5104166865348816,"train/log_odds_ratio":-13.959277153015137,"train/rewards/margins":0.4618324637413025,"eval/log_odds_chosen":6.818554401397705,"train/log_odds_chosen":4.6203932762146,"eval/rewards/rejected":-3.296121597290039,"eval/steps_per_second":2.093,"train/logits/rejected":2.3318738385569304e-05,"train/epoch":2.992,"train/global_step":936,"train_loss":29.726359132008675,"train/nll_loss":5.9783430099487305,"train_steps_per_second":0.298,"train/rewards/chosen":-2.367375135421753,"eval/rewards/chosen":-2.6141269207000732,"_runtime":3142.93192396,"_step":940,"eval/logps/chosen":-26.141267776489258,"train/logits/chosen":2.3417971533490345e-05,"total_flos":0,"eval/logits/chosen":2.327386937395204e-05,"eval/samples_per_second":16.1,"train/rewards/rejected":-2.8292078971862793,"train/learning_rate":0,"eval/nll_loss":5.513597011566162,"eval/logps/rejected":-32.96121597290039,"train_samples_per_second":9.548,"eval/logits/rejected":2.3228827558341436e-05,"_timestamp":1.7407209148066993e+09,"_wandb":{"runtime":3143},"train/loss":29.4971,"eval/loss":6.821300983428955,"eval/runtime":6.2114,"eval/log_odds_ratio":-13.077041625976562,"train/grad_norm":1.1435487270355225,"train/logps/rejected":-28.292078018188477}