{"train/logps/chosen":-2.0600647926330566,"train/grad_norm":10.934213638305664,"train/global_step":17,"train/rewards/accuracies":0.625,"train/logps/rejected":-2.601330280303955,"train/logits/rejected":14.445322036743164,"train/logits/chosen":13.637405395507812,"train/rewards/chosen":-0.2060064822435379,"train/log_odds_ratio":-0.6129903793334961,"_timestamp":1.7405449849115763e+09,"train/nll_loss":2.069263458251953,"_step":63,"_runtime":359.833865856,"train/rewards/rejected":-0.2601330280303955,"train/rewards/margins":0.05412653833627701,"_wandb":{"runtime":374},"train/learning_rate":7.97099948213361e-06,"train/loss":8.5223,"train/log_odds_chosen":0.5796831846237183,"train/epoch":0.008754989056263679}