{"_wandb":{"runtime":205},"train/log_odds_ratio":-0.727725088596344,"_runtime":200.020657117,"train/logits/chosen":12.527536392211914,"train/rewards/margins":0.017369404435157776,"train/rewards/rejected":-0.20546108484268188,"train/epoch":0.013904982618771726,"train/logits/rejected":13.47893238067627,"train/nll_loss":2.0107481479644775,"train/rewards/chosen":-0.18809166550636292,"train/grad_norm":3.4419479370117188,"train/log_odds_chosen":0.224089115858078,"train/global_step":27,"train/logps/rejected":-2.0546107292175293,"train/logps/chosen":-1.8809168338775635,"_step":26,"_timestamp":1.7405452647143397e+09,"train/loss":8.3341,"train/learning_rate":7.929570170895908e-06,"train/rewards/accuracies":0.625}