{"total_flos":0,"train/grad_norm":12.632131576538086,"_step":6,"train_samples_per_second":0.353,"train/logits/rejected":2.3512089683208615e-05,"eval/rewards/accuracies":0.6000000238418579,"eval/loss":6.9714250564575195,"train/learning_rate":8e-07,"_wandb":{"runtime":330},"train/loss":63.8563,"eval/logits/chosen":2.3519876776845194e-05,"eval/samples_per_second":21.18,"_timestamp":1.74071170274387e+09,"eval/runtime":0.4721,"train/rewards/rejected":-1.0360029935836792,"eval/log_odds_ratio":-11.28007984161377,"train/log_odds_ratio":-14.322356224060059,"train_steps_per_second":0.057,"eval/log_odds_chosen":35.490234375,"train/logps/rejected":-10.360031127929688,"eval/logits/rejected":2.3444858015864156e-05,"train/rewards/chosen":-2.282792091369629,"train_runtime":17.6989,"train_loss":63.85625076293945,"eval/rewards/margins":3.5513663291931152,"eval/nll_loss":5.843416690826416,"train/rewards/margins":-1.2467888593673706,"train/logps/chosen":-22.82792091369629,"train/epoch":0.16,"train/rewards/accuracies":0.4375,"train/logits/chosen":2.3436963601852767e-05,"eval/rewards/rejected":-6.284736633300781,"eval/logps/rejected":-62.84737014770508,"eval/logps/chosen":-27.333709716796875,"_runtime":327.831550345,"train/nll_loss":6.5497941970825195,"train/log_odds_chosen":-12.469219207763672,"eval/rewards/chosen":-2.7333710193634033,"train/global_step":1,"eval/steps_per_second":10.59}