{"eval/samples_per_second":1.24,"train/rewards/chosen":-0.10995930433273315,"eval/rewards/rejected":-0.10913403332233429,"eval/nll_loss":2.0434837341308594,"eval/logps/chosen":-1.9592907428741455,"eval/rewards/chosen":-0.09796455502510071,"train/loss":16.5597,"train/grad_norm":0.2133588045835495,"eval/logps/rejected":-2.18268084526062,"train/rewards/rejected":-0.07363223284482956,"train/nll_loss":1.9961224794387817,"_step":66,"train/log_odds_ratio":-1.47678804397583,"eval/rewards/accuracies":0.6000000238418579,"train/log_odds_chosen":-0.8549105525016785,"eval/logits/chosen":-0.5420491695404053,"eval/runtime":80.6495,"train/learning_rate":0,"train_samples_per_second":0.669,"total_flos":0,"train/global_step":62,"_timestamp":1.7408105749619367e+09,"train_loss":16.84077548980713,"train/epoch":0.992,"train/logits/chosen":-0.12977513670921326,"eval/rewards/margins":0.011169488541781902,"eval/log_odds_ratio":-0.9196468591690063,"train_steps_per_second":0.041,"eval/steps_per_second":0.62,"train/rewards/accuracies":0.3125,"train/logps/chosen":-2.199186086654663,"_runtime":1499.017058731,"_wandb":{"runtime":1502},"train/rewards/margins":-0.036327064037323,"train/logits/rejected":-0.8985614776611328,"eval/loss":2.089465856552124,"train_runtime":1494.1897,"eval/logits/rejected":0.4299646019935608,"eval/log_odds_chosen":0.22997640073299408,"train/logps/rejected":-1.4726446866989136}