{"total_flos":0,"train/rewards/rejected":-0.14728060364723206,"_timestamp":1.7408120815928602e+09,"train/logits/chosen":-0.13120105862617493,"eval/logits/rejected":0.42864447832107544,"train/loss":17.1521,"eval/runtime":80.6313,"eval/logps/chosen":-1.9595929384231567,"train/rewards/margins":-0.0726812332868576,"eval/log_odds_ratio":-0.9197583198547363,"train/log_odds_chosen":-0.8551781177520752,"train/logits/rejected":-0.9000070691108704,"eval/nll_loss":2.0436408519744873,"train_steps_per_second":0.041,"eval/loss":2.1356163024902344,"train/learning_rate":0,"eval/rewards/rejected":-0.21830271184444427,"train/rewards/chosen":-0.21996182203292847,"eval/rewards/margins":0.02234342321753502,"train/logps/chosen":-2.199618101119995,"train/logps/rejected":-1.4728059768676758,"eval/logps/rejected":-2.1830272674560547,"eval/steps_per_second":0.62,"eval/log_odds_chosen":0.23001718521118164,"eval/logits/chosen":-0.5433977842330933,"train_samples_per_second":0.669,"train_loss":17.23426841920422,"train/rewards/accuracies":0.3125,"train/log_odds_ratio":-1.4770787954330444,"_runtime":1499.276547309,"train/nll_loss":1.9963006973266602,"eval/rewards/accuracies":0.6000000238418579,"eval/samples_per_second":1.24,"train_runtime":1494.3909,"_wandb":{"runtime":1503},"eval/rewards/chosen":-0.19595929980278015,"_step":66,"train/global_step":62,"train/grad_norm":0.23535862565040588,"train/epoch":0.992}