{"train/logps/chosen":-2.649562120437622,"train/logps/rejected":-2.361926555633545,"train/logits/rejected":1.8187410831451416,"train/global_step":2,"train/nll_loss":2.2308361530303955,"_timestamp":1.7407758982321556e+09,"train/logits/chosen":-0.8104553818702698,"_step":1,"train/rewards/chosen":-0.13247810304164886,"train/rewards/margins":-0.014381780289113522,"train/log_odds_ratio":-1.3672375679016113,"_wandb":{"runtime":56},"train/rewards/rejected":-0.11809632182121277,"train/grad_norm":0.21568278968334198,"train/rewards/accuracies":0.625,"train/loss":18.3936,"train/log_odds_chosen":-0.2575855255126953,"train/learning_rate":5.485992758521342e-06,"train/epoch":0.032,"_runtime":47.798333129}