{"train/loss":17.7323,"train/log_odds_ratio":-1.475142240524292,"train/logps/chosen":-2.196774959564209,"eval/runtime":80.64,"train/logps/rejected":-1.4717676639556885,"eval/rewards/rejected":-0.32711556553840637,"eval/nll_loss":2.042733669281006,"total_flos":0,"train/rewards/rejected":-0.22076515853405,"train/logits/rejected":-0.891012966632843,"train_samples_per_second":0.669,"train/logits/chosen":-0.1222960352897644,"train/grad_norm":0.2586158514022827,"train/learning_rate":0,"train/rewards/accuracies":0.3125,"train_runtime":1495.1778,"_step":66,"eval/log_odds_chosen":0.22975006699562073,"train_steps_per_second":0.041,"train/rewards/margins":-0.10875111073255539,"train_loss":17.62113961865825,"eval/samples_per_second":1.24,"eval/logits/chosen":-0.5350133180618286,"eval/logits/rejected":0.43689635396003723,"_wandb":{"runtime":1503},"eval/logps/rejected":-2.1807701587677,"eval/rewards/accuracies":0.6000000238418579,"train/log_odds_chosen":-0.8533962368965149,"eval/rewards/margins":0.03347148001194,"train/nll_loss":1.9952667951583862,"eval/log_odds_ratio":-0.9190218448638916,"_runtime":1499.959632949,"train/rewards/chosen":-0.3295162618160248,"train/epoch":0.992,"train/global_step":62,"eval/steps_per_second":0.62,"_timestamp":1.7408060600058897e+09,"eval/loss":2.180586814880371,"eval/logps/chosen":-1.9576269388198853,"eval/rewards/chosen":-0.2936440706253052}