{"train/learning_rate":0,"_step":66,"eval/logits/rejected":0.44128528237342834,"eval/rewards/rejected":-0.43590685725212097,"eval/samples_per_second":1.24,"train_steps_per_second":0.041,"train/epoch":0.992,"eval/rewards/chosen":-0.3913098871707916,"eval/logps/rejected":-2.1795341968536377,"total_flos":0,"eval/log_odds_ratio":-0.9186140298843384,"train/nll_loss":1.9947510957717896,"train_loss":18.010485449144916,"eval/rewards/accuracies":0.6000000238418579,"_timestamp":1.740807565041938e+09,"eval/rewards/margins":0.044596973806619644,"train/rewards/margins":-0.14479973912239075,"train/log_odds_chosen":-0.8524000644683838,"train/rewards/rejected":-0.2942407727241516,"eval/steps_per_second":0.62,"eval/runtime":80.6324,"train/rewards/accuracies":0.3125,"train/logits/rejected":-0.8862453103065491,"eval/nll_loss":2.042282819747925,"train/log_odds_ratio":-1.4740605354309082,"eval/loss":2.2260053157806396,"train/logps/rejected":-1.4712039232254028,"train/rewards/chosen":-0.43904057145118713,"train/grad_norm":0.28403475880622864,"train_runtime":1494.8394,"train/logits/chosen":-0.11756446957588196,"eval/logits/chosen":-0.5305690765380859,"train/global_step":62,"eval/logps/chosen":-1.9565494060516357,"_wandb":{"runtime":1502},"train_samples_per_second":0.669,"train/logps/chosen":-2.1952028274536133,"train/loss":18.3165,"_runtime":1499.593728753,"eval/log_odds_chosen":0.22960487008094788}