{"val_epoch_loss":2.9233746709823607,"train_epoch_loss":2.91849018573761,"_wandb":{"runtime":970},"train_loss":2.719202995300293,"epoch":3,"_timestamp":1.7406453118597734e+09,"_runtime":970.082668643,"_step":1352}