{"train/rewards/rejected":-0.29445454478263855,"train/logps/chosen":-2.1981449127197266,"eval/rewards/margins":0.0446569100022316,"eval/logits/rejected":0.4328317940235138,"eval/loss":2.2270689010620117,"_step":66,"train_loss":18.016492582136586,"train/rewards/margins":-0.14517447352409363,"_runtime":1498.564994723,"train/global_step":62,"eval/logps/rejected":-2.1818628311157227,"train_runtime":1493.6174,"eval/logits/chosen":-0.5391510725021362,"eval/steps_per_second":0.62,"_wandb":{"runtime":1501},"eval/log_odds_chosen":0.22987981140613556,"train_steps_per_second":0.042,"eval/nll_loss":2.0431935787200928,"eval/samples_per_second":1.241,"train/logps/rejected":-1.4722727537155151,"train/log_odds_chosen":-0.8542501330375671,"train/grad_norm":0.2852870523929596,"train/logits/chosen":-0.12669315934181213,"eval/rewards/accuracies":0.6000000238418579,"eval/rewards/chosen":-0.3917157053947449,"train_samples_per_second":0.67,"train/learning_rate":0,"train/loss":18.328,"train/epoch":0.992,"eval/logps/chosen":-1.9585784673690796,"train/rewards/chosen":-0.4396289587020874,"train/log_odds_ratio":-1.4760704040527344,"total_flos":0,"train/rewards/accuracies":0.3125,"train/logits/rejected":-0.8954596519470215,"eval/runtime":80.6031,"eval/rewards/rejected":-0.4363726079463959,"_timestamp":1.7408045532520902e+09,"train/nll_loss":1.9957902431488037,"eval/log_odds_ratio":-0.9193761944770813}