{"train/grad_norm":0.335551381111145,"train/learning_rate":8.897486857723659e-07,"_timestamp":1.7407961062198293e+09,"_runtime":66.311453881,"_step":2,"train/rewards/rejected":-0.13838711380958557,"train/rewards/chosen":-0.1115935891866684,"train/logits/rejected":1.3895857334136963,"train/rewards/accuracies":0.5625,"train/rewards/margins":0.026793520897626877,"train/log_odds_chosen":0.5942280292510986,"_wandb":{"runtime":68},"train/loss":22.7025,"train/epoch":0.048,"train/logps/rejected":-2.767742395401001,"train/logits/chosen":1.0242338180541992,"train/global_step":3,"train/nll_loss":2.7934839725494385,"train/log_odds_ratio":-0.8864928483963013,"train/logps/chosen":-2.2318716049194336}