{"train/rewards/rejected":-0.14319810271263123,"train/epoch":1.976,"eval/runtime":80.4448,"train/logps/chosen":-1.422914981842041,"train/grad_norm":0.1758219301700592,"train/rewards/chosen":-0.14229151606559753,"eval/rewards/rejected":-0.21808215975761414,"train_samples_per_second":0.753,"train/global_step":124,"eval/samples_per_second":1.243,"train/logps/rejected":-1.431981086730957,"train/nll_loss":1.6423923969268799,"eval/rewards/margins":0.022314200177788734,"eval/logits/rejected":0.4370512068271637,"_wandb":{"runtime":2669},"train/learning_rate":0,"train/log_odds_chosen":0.012582153081893921,"eval/logps/rejected":-2.180821418762207,"train/log_odds_ratio":-0.8238367438316345,"eval/rewards/chosen":-0.19576795399188995,"eval/loss":2.134631872177124,"_timestamp":1.7407870593362281e+09,"_runtime":2664.538941013,"train_runtime":2655.9717,"train/logits/rejected":1.2780208587646484,"eval/rewards/accuracies":0.6000000238418579,"train_loss":17.26813510925539,"train/rewards/margins":0.000906607136130333,"train/rewards/accuracies":0.625,"train/logits/chosen":-0.8293610215187073,"eval/steps_per_second":0.622,"eval/log_odds_ratio":-0.9190438985824585,"total_flos":0,"train/loss":13.7982,"train_steps_per_second":0.047,"eval/log_odds_chosen":0.22974853217601776,"_step":128,"eval/logits/chosen":-0.534853458404541,"eval/logps/chosen":-1.9576796293258667,"eval/nll_loss":2.0427277088165283}