{"total_flos":0,"eval/rewards/chosen":-0.3918256461620331,"eval/logps/rejected":-2.1824936866760254,"eval/samples_per_second":1.237,"train_runtime":1497.7805,"eval/logits/chosen":-0.5414734482765198,"_wandb":{"runtime":1507},"eval/steps_per_second":0.619,"_runtime":1503.966710405,"eval/log_odds_chosen":0.2299540489912033,"eval/log_odds_ratio":-0.9195829629898071,"eval/loss":2.2273566722869873,"train/log_odds_chosen":-0.8547511100769043,"train/rewards/margins":-0.14527598023414612,"train/grad_norm":0.28562527894973755,"eval/logps/chosen":-1.9591282606124878,"eval/rewards/margins":0.04467308148741722,"train_samples_per_second":0.668,"train/logps/chosen":-2.198941707611084,"_timestamp":1.740798526156444e+09,"eval/logits/rejected":0.4305438995361328,"train/rewards/chosen":-0.43978843092918396,"_step":66,"train_loss":18.018118381500244,"eval/nll_loss":2.0434398651123047,"eval/rewards/accuracies":0.6000000238418579,"train/global_step":62,"train/loss":18.3312,"train_steps_per_second":0.041,"train/logits/chosen":-0.12915310263633728,"eval/rewards/rejected":-0.436498761177063,"train/rewards/accuracies":0.3125,"train/learning_rate":0,"train/logps/rejected":-1.4725619554519653,"eval/runtime":80.8228,"train/rewards/rejected":-0.29451242089271545,"train/log_odds_ratio":-1.4766149520874023,"train/epoch":0.992,"train/logits/rejected":-0.8979429006576538,"train/nll_loss":1.996071457862854}