{"eval/runtime":80.7641,"train_loss":18.019816952366984,"train_steps_per_second":0.041,"train/nll_loss":1.9963657855987549,"train/grad_norm":0.2859783172607422,"train/log_odds_ratio":-1.477184534072876,"eval/rewards/accuracies":0.6000000238418579,"eval/log_odds_ratio":-0.9197993278503418,"eval/logps/rejected":-2.1831541061401367,"train/logits/rejected":-0.9005388021469116,"train/log_odds_chosen":-0.8552753329277039,"_step":66,"eval/logps/chosen":-1.9597039222717285,"eval/log_odds_chosen":0.23003192245960236,"train_runtime":1494.5532,"train/logps/chosen":-2.1997759342193604,"train/rewards/accuracies":0.3125,"eval/rewards/rejected":-0.43663084506988525,"train/learning_rate":0,"total_flos":0,"eval/steps_per_second":0.619,"train/rewards/chosen":-0.4399552047252655,"_wandb":{"runtime":1502},"train/rewards/rejected":-0.29457300901412964,"eval/logits/rejected":0.4281604290008545,"train/logits/chosen":-0.1317255198955536,"_timestamp":1.740800032478048e+09,"eval/logits/chosen":-0.5438922643661499,"train/rewards/margins":-0.1453821361064911,"eval/loss":2.2276577949523926,"eval/rewards/chosen":-0.39194077253341675,"train/global_step":62,"train/logps/rejected":-1.472865343093872,"eval/rewards/margins":0.04469006508588791,"train_samples_per_second":0.669,"_runtime":1499.259708595,"train/loss":18.3344,"train/epoch":0.992,"eval/nll_loss":2.0436980724334717,"eval/samples_per_second":1.238}