{"train_steps_per_second":0.047,"eval/rewards/margins":0.033494722098112106,"eval/logps/rejected":-2.1820075511932373,"eval/logits/chosen":-0.5395276546478271,"train/nll_loss":1.6429035663604736,"train/rewards/rejected":-0.214898943901062,"train/loss":14.132,"train/grad_norm":0.17963755130767822,"train/learning_rate":0,"train/logits/rejected":1.2734507322311401,"train/rewards/chosen":-0.21352364122867584,"_runtime":2668.947466914,"eval/samples_per_second":1.245,"train/logps/rejected":-1.4326595067977905,"train/rewards/accuracies":0.625,"train/epoch":1.976,"train/global_step":124,"eval/rewards/rejected":-0.32730111479759216,"train_samples_per_second":0.752,"total_flos":0,"eval/nll_loss":2.043240547180176,"_timestamp":1.7407790430442371e+09,"eval/loss":2.181154489517212,"eval/log_odds_ratio":-0.9194265604019165,"train/logits/chosen":-0.8341054916381836,"eval/steps_per_second":0.622,"eval/logps/chosen":-1.9587092399597168,"eval/runtime":80.3305,"train/log_odds_chosen":0.012684032320976257,"train/log_odds_ratio":-0.823976993560791,"train_loss":17.665828466415405,"eval/rewards/chosen":-0.29380637407302856,"_wandb":{"runtime":2672},"eval/rewards/accuracies":0.6000000238418579,"eval/log_odds_chosen":0.22989197075366974,"_step":128,"train_runtime":2658.8898,"train/rewards/margins":0.0013752710074186325,"eval/logits/rejected":0.4324615001678467,"train/logps/chosen":-1.4234907627105713}