{"train_epoch_loss":2.9204106097751192,"val_epoch_loss":2.884112535476685,"_wandb":{"runtime":240},"train_loss":3.002181053161621,"epoch":3,"_timestamp":1.7406434093735044e+09,"_runtime":239.987087067,"_step":341}