{"train/nll_loss":1.9963700771331787,"train_steps_per_second":0.041,"eval/logps/chosen":-1.9597162008285522,"train/logps/chosen":-2.199793815612793,"train/global_step":62,"_wandb":{"runtime":1505},"eval/loss":2.1816725730895996,"eval/samples_per_second":1.237,"eval/rewards/margins":0.03351781517267227,"train/rewards/accuracies":0.3125,"train/logps/rejected":-1.4728714227676392,"eval/logps/rejected":-2.183168411254883,"train/log_odds_chosen":-0.855286717414856,"train/logits/rejected":-0.900589644908905,"eval/rewards/chosen":-0.2939574420452118,"train/rewards/chosen":-0.3299690783023834,"eval/log_odds_ratio":-0.9198041558265686,"train_runtime":1496.7458,"eval/rewards/accuracies":0.6000000238418579,"train/log_odds_ratio":-1.4771969318389893,"train/rewards/margins":-0.1090383380651474,"_step":66,"train/learning_rate":0,"_timestamp":1.7408030454024177e+09,"eval/runtime":80.83,"eval/logits/chosen":-0.5439392924308777,"eval/steps_per_second":0.619,"eval/nll_loss":2.0437018871307373,"train/logits/chosen":-0.1317768394947052,"eval/logits/rejected":0.4281136989593506,"train/rewards/rejected":-0.22093072533607483,"eval/log_odds_chosen":0.23003357648849487,"_runtime":1501.6921476,"total_flos":0,"eval/rewards/rejected":-0.32747527956962585,"train/grad_norm":0.25978049635887146,"train_loss":17.627240057914488,"train/loss":17.7436,"train/epoch":0.992,"train_samples_per_second":0.668}