{"_step":66,"eval/nll_loss":2.0431387424468994,"train/epoch":0.992,"train/logits/rejected":-0.8949114084243774,"train/logps/chosen":-2.197967767715454,"train/rewards/chosen":-0.4395935833454132,"eval/rewards/accuracies":0.6000000238418579,"train_runtime":1493.5531,"eval/loss":2.2270050048828125,"train/learning_rate":0,"train/logps/rejected":-1.4722082614898682,"train/grad_norm":0.28521203994750977,"train/logits/chosen":-0.12614813446998596,"train/global_step":62,"eval/rewards/chosen":-0.3916913568973541,"eval/logps/chosen":-1.9584565162658691,"train_loss":18.016132139390514,"_runtime":1498.33123127,"train_samples_per_second":0.67,"eval/steps_per_second":0.62,"train/loss":18.3273,"eval/logits/chosen":-0.538643479347229,"train_steps_per_second":0.042,"eval/samples_per_second":1.24,"total_flos":0,"train/log_odds_chosen":-0.8541389107704163,"_wandb":{"runtime":1502},"train/rewards/margins":-0.14515194296836853,"train/nll_loss":1.9957278966903687,"eval/log_odds_chosen":0.22986304759979248,"eval/rewards/margins":0.044653259217739105,"train/rewards/accuracies":0.3125,"train/rewards/rejected":-0.29444167017936707,"eval/logps/rejected":-2.18172287940979,"eval/runtime":80.6256,"eval/logits/rejected":0.43333134055137634,"train/log_odds_ratio":-1.4759495258331299,"_timestamp":1.7408090689012427e+09,"eval/rewards/rejected":-0.43634459376335144,"eval/log_odds_ratio":-0.9193304181098938}