{"train/loss":30.5735,"train/learning_rate":1.9352051835853133e-06,"_timestamp":1.7407177557075348e+09,"train/logps/rejected":-31.43368148803711,"train/nll_loss":6.166498184204102,"train/rewards/margins":-1.088814616203308,"_runtime":138.812333001,"train/global_step":40,"train/log_odds_ratio":-14.768762588500977,"train/logps/chosen":-42.32182693481445,"_wandb":{"runtime":140},"train/log_odds_chosen":-10.890583992004395,"train/logits/rejected":2.335057251912076e-05,"train/rewards/rejected":-3.1433684825897217,"train/rewards/accuracies":0.34375,"train/rewards/chosen":-4.23218297958374,"train/logits/chosen":2.3359358237939887e-05,"_step":39,"train/grad_norm":3.635155439376831,"train/epoch":0.128}